<?xml version="1.0" encoding="UTF-8"?>
<configuration>
    <appender name="stdout" class="ch.qos.logback.core.ConsoleAppender">
        <encoder>
            <pattern>%d{yyyy-MM-dd HH:mm:ss.SSS} %contextName [%thread] %-5level %logger{36} - %msg%n</pattern>
            <charset>UTF-8</charset>
        </encoder>
    </appender>
    <!-- 1.先按日期存日志，日期变了，将前一天的日志文件名重命名为XXX%日期%索引，新的日志仍然是demo.log -->
    <!-- 2.如果日期没有发生变化，对当前日志进行分割 重命名-->
    <appender name="info" class="ch.qos.logback.core.rolling.RollingFileAppender">
        <file>/app/applogs/iot-api/auditlog/audit_</file>
        <!-- TimeBasedRollingPolicy： 最常用的滚动策略，它根据时间来制定滚动策略，既负责滚动也负责出发滚动 -->
        <rollingPolicy class="ch.qos.logback.core.rolling.TimeBasedRollingPolicy">
            <!-- 活动文件的名字会根据fileNamePattern的值，每隔一段时间改变一次 -->
            <!-- 文件名：audit_20190405_1.log -->
            <fileNamePattern>/app/applogs/iot-api/auditlog/audit_%d{yyyyMMdd}_1.log</fileNamePattern>
        </rollingPolicy>
        <Append>true</Append>
        <encoder>
            <!-- pattern节点，用来设置日志的输入格式 -->
            <pattern>%d{yyyy-MM-dd HH:mm:ss} [ %t:%r ] - [ %p ] %m%n</pattern>
            <charset>UTF-8</charset>
        </encoder>
        <filter class="ch.qos.logback.classic.filter.LevelFilter">
            <level>info</level>
            <onMatch>ACCEPT</onMatch>
            <onMismatch>DENY</onMismatch>
        </filter>
    </appender>
    <appender name="error" class="ch.qos.logback.core.rolling.RollingFileAppender">
        <file>logs/${server.name}-error.log</file>
        <Append>true</Append>
        <encoder>
            <pattern>%d{yyyy-MM-dd HH:mm:ss} [ %t:%r ] - [ %p ] %m%n</pattern>
            <charset>UTF-8</charset>
        </encoder>
        <filter class="ch.qos.logback.classic.filter.LevelFilter">
            <level>error</level>
            <onMatch>ACCEPT</onMatch>
            <onMismatch>DENY</onMismatch>
        </filter>
    </appender>
    <!-- 指定项目中某个包，当有日志操作行为时的日志记录级别 -->
    <!-- 所有日志操作行为的权限都是DEBUG -->
    <!-- 级别依次为【从高到低】：FATAL > ERROR > WARN > INFO > DEBUG > TRACE  -->
    <root level="debug">
        <appender-ref ref="stdout"/>
        <appender-ref ref="info"/>
        <appender-ref ref="error"/>
    </root>
</configuration>